filename,quarantined,n_problems,problems
ex_1003.json,False,0,
ex_1006.json,True,2,edit_1=INCONSISTENT;edit_3=INCONSISTENT
ex_101.json,True,1,edit_7=INCONSISTENT
ex_1010.json,True,1,edit_5=INCONSISTENT
ex_1011.json,False,0,
ex_1014.json,False,0,
ex_1016.json,False,1,edit_6=label_mismatch:Uncertain
ex_1026.json,False,0,
ex_1029.json,False,0,
ex_1032.json,False,0,
ex_1038.json,False,0,
ex_1048.json,False,0,
ex_1056.json,True,1,edit_7=INCONSISTENT
ex_1058.json,False,0,
ex_106.json,False,0,
ex_1071.json,False,0,
ex_1073.json,False,0,
ex_1078.json,False,0,
ex_1079.json,True,1,edit_5=INCONSISTENT
ex_108.json,False,0,
ex_1081.json,True,1,edit_6=INCONSISTENT
ex_1090.json,False,0,
ex_1095.json,False,0,
ex_1101.json,False,0,
ex_1103.json,False,0,
ex_1112.json,False,0,
ex_1121.json,False,0,
ex_1122.json,False,0,
ex_1123.json,True,4,edit_1=INCONSISTENT;edit_2=INCONSISTENT;edit_3=INCONSISTENT;edit_5=INCONSISTENT
ex_1125.json,False,0,
ex_1127.json,False,0,
ex_1131.json,True,2,edit_2=INCONSISTENT;edit_3=INCONSISTENT
ex_1133.json,False,0,
ex_1137.json,False,0,
ex_1141.json,False,0,
ex_1143.json,False,0,
ex_1147.json,True,1,edit_7=INCONSISTENT
ex_1153.json,False,0,
ex_1155.json,False,0,
ex_1158.json,False,0,
ex_1164.json,False,0,
ex_1169.json,False,0,
ex_117.json,False,0,
ex_1185.json,True,2,edit_3=INCONSISTENT;edit_4=INCONSISTENT
ex_1187.json,False,0,
ex_1189.json,False,0,
ex_1191.json,False,0,
ex_1196.json,False,0,
ex_12.json,False,0,
ex_1203.json,False,0,
ex_1208.json,False,0,
ex_1212.json,False,0,
ex_1217.json,False,0,
ex_1219.json,False,0,
ex_122.json,False,0,
ex_1229.json,False,0,
ex_123.json,True,1,edit_6=INCONSISTENT
ex_1234.json,False,1,edit_5=label_mismatch:True
ex_1235.json,False,0,
ex_124.json,False,0,
ex_1240.json,False,0,
ex_1247.json,False,0,
ex_1248.json,False,0,
ex_1249.json,True,2,edit_6=INCONSISTENT;edit_7=INCONSISTENT
ex_1258.json,False,0,
ex_1259.json,False,0,
ex_1261.json,False,0,
ex_1264.json,False,0,
ex_128.json,False,0,
ex_1288.json,False,0,
ex_1296.json,False,0,
ex_1297.json,False,0,
ex_1300.json,False,0,
ex_1302.json,False,0,
ex_1305.json,False,0,
ex_132.json,False,0,
ex_1333.json,True,1,edit_7=INCONSISTENT
ex_1336.json,True,1,edit_7=INCONSISTENT
ex_1337.json,True,1,edit_5=INCONSISTENT
ex_1341.json,False,0,
ex_1343.json,False,0,
ex_1345.json,True,1,edit_7=INCONSISTENT
ex_1351.json,False,0,
ex_1353.json,True,1,edit_7=INCONSISTENT
ex_1359.json,False,0,
ex_1361.json,False,0,
ex_1363.json,False,0,
ex_1366.json,False,0,
ex_1373.json,True,1,edit_6=INCONSISTENT
ex_1375.json,False,0,
ex_1378.json,False,0,
ex_1384.json,False,0,
ex_1387.json,False,0,
ex_1390.json,False,0,
ex_1400.json,False,0,
ex_1402.json,False,0,
ex_1405.json,False,0,
ex_1407.json,False,0,
ex_1409.json,True,1,edit_7=INCONSISTENT
ex_1410.json,False,0,
ex_1414.json,False,0,
ex_1420.json,False,0,
ex_1422.json,False,0,
ex_1427.json,True,1,edit_6=INCONSISTENT
ex_1430.json,False,0,
ex_1434.json,False,0,
ex_1437.json,False,0,
ex_1438.json,False,0,
ex_1439.json,False,0,
ex_1440.json,False,0,
ex_1447.json,True,1,edit_4=INCONSISTENT
ex_1452.json,True,2,edit_3=INCONSISTENT;edit_4=INCONSISTENT
ex_1455.json,True,1,edit_6=INCONSISTENT
ex_1456.json,False,0,
ex_1457.json,False,0,
ex_1458.json,False,0,
ex_1459.json,True,1,edit_7=INCONSISTENT
ex_1463.json,True,1,edit_4=INCONSISTENT
ex_1464.json,False,0,
ex_147.json,False,0,
ex_1471.json,True,3,edit_1=INCONSISTENT;edit_3=INCONSISTENT;edit_5=INCONSISTENT
ex_1476.json,False,0,
ex_1477.json,True,1,edit_2=INCONSISTENT
ex_1480.json,True,1,edit_7=INCONSISTENT
ex_1483.json,False,1,edit_7=label_mismatch:UNRESOLVED
ex_1487.json,True,1,edit_2=INCONSISTENT
ex_1492.json,False,0,
ex_1497.json,False,0,
ex_1499.json,False,0,
ex_150.json,False,0,
ex_1500.json,True,1,edit_6=INCONSISTENT
ex_1502.json,False,0,
ex_1506.json,False,0,
ex_1507.json,True,1,edit_7=INCONSISTENT
ex_1509.json,False,0,
ex_151.json,False,0,
ex_1511.json,False,0,
ex_1512.json,False,0,
ex_1513.json,False,0,
ex_1516.json,True,1,edit_7=INCONSISTENT
ex_1517.json,True,1,edit_2=INCONSISTENT
ex_1520.json,False,1,edit_1=label_mismatch:Uncertain
ex_1523.json,False,0,
ex_1525.json,False,0,
ex_153.json,False,0,
ex_1533.json,False,0,
ex_1535.json,False,0,
ex_1539.json,False,0,
ex_1542.json,False,0,
ex_1543.json,False,0,
ex_1546.json,False,0,
ex_1564.json,False,0,
ex_1566.json,False,0,
ex_1568.json,False,0,
ex_1574.json,False,0,
ex_1577.json,True,7,edit_1=INCONSISTENT;edit_2=INCONSISTENT;edit_3=INCONSISTENT;edit_4=INCONSISTENT;edit_5=INCONSISTENT;edit_6=INCONSISTENT;edit_7=INCONSISTENT
ex_1579.json,False,0,
ex_1584.json,False,0,
ex_1606.json,False,0,
ex_1609.json,True,1,edit_3=INCONSISTENT
ex_1611.json,False,0,
ex_1613.json,False,0,
ex_1615.json,True,1,edit_7=INCONSISTENT
ex_1616.json,True,1,edit_3=INCONSISTENT
ex_162.json,False,0,
ex_1621.json,False,0,
ex_1623.json,False,0,
ex_1624.json,False,0,
ex_163.json,False,0,
ex_1633.json,False,0,
ex_1635.json,False,1,edit_4=label_mismatch:Uncertain
ex_1636.json,False,0,
ex_1646.json,False,0,
ex_166.json,False,0,
ex_1665.json,False,0,
ex_1666.json,False,0,
ex_167.json,False,0,
ex_1679.json,False,0,
ex_1691.json,False,0,
ex_1695.json,False,0,
ex_1697.json,False,0,
ex_17.json,False,0,
ex_1700.json,False,0,
ex_1705.json,False,0,
ex_1709.json,False,0,
ex_1712.json,False,0,
ex_1713.json,True,2,edit_1=INCONSISTENT;edit_2=INCONSISTENT
ex_1724.json,False,0,
ex_1725.json,True,5,edit_3=INCONSISTENT;edit_4=INCONSISTENT;edit_5=INCONSISTENT;edit_6=INCONSISTENT;edit_7=INCONSISTENT
ex_1726.json,False,0,
ex_1732.json,False,0,
ex_1739.json,True,1,edit_7=INCONSISTENT
ex_1743.json,False,0,
ex_1744.json,False,0,
ex_175.json,False,0,
ex_1750.json,False,0,
ex_1754.json,False,6,edit_2=label_mismatch:True;edit_3=label_mismatch:True;edit_4=label_mismatch:True;edit_5=label_mismatch:True;edit_6=label_mismatch:True;edit_7=label_mismatch:True
ex_1756.json,False,0,
ex_176.json,True,1,edit_2=INCONSISTENT
ex_1764.json,False,0,
ex_177.json,False,0,
ex_1774.json,False,0,
ex_1775.json,False,0,
ex_1778.json,True,3,edit_1=INCONSISTENT;edit_2=INCONSISTENT;edit_3=INCONSISTENT
ex_1783.json,False,0,
ex_1786.json,False,0,
ex_1792.json,True,1,edit_4=INCONSISTENT
ex_1796.json,False,0,
ex_1797.json,False,0,
ex_180.json,False,0,
ex_1800.json,False,0,
ex_1804.json,False,0,
ex_1809.json,False,0,
ex_1811.json,False,0,
ex_1814.json,False,0,
ex_1817.json,False,0,
ex_1818.json,False,0,
ex_182.json,False,0,
ex_1820.json,False,0,
ex_1825.json,False,0,
ex_1829.json,False,0,
ex_183.json,False,0,
ex_1837.json,False,0,
ex_1844.json,False,0,
ex_1847.json,False,0,
ex_1851.json,False,0,
ex_1864.json,False,0,
ex_1873.json,True,3,edit_2=label_mismatch:True;edit_6=INCONSISTENT;edit_7=INCONSISTENT
ex_1874.json,False,0,
ex_1876.json,False,0,
ex_1880.json,False,0,
ex_1882.json,False,1,edit_2=label_mismatch:True
ex_1890.json,False,0,
ex_1894.json,False,0,
ex_1895.json,False,2,edit_6=label_mismatch:UNRESOLVED;edit_7=label_mismatch:UNRESOLVED
ex_1897.json,False,0,
ex_1898.json,True,1,edit_2=INCONSISTENT
ex_1901.json,False,0,
ex_1905.json,False,0,
ex_1911.json,True,1,edit_3=INCONSISTENT
ex_1919.json,False,0,
ex_192.json,False,0,
ex_1922.json,False,0,
ex_1924.json,False,0,
ex_1934.json,False,0,
ex_1940.json,False,0,
ex_1944.json,False,0,
ex_1946.json,False,0,
ex_1947.json,False,0,
ex_1953.json,True,1,edit_6=INCONSISTENT
ex_1958.json,False,0,
ex_1960.json,False,0,
ex_1968.json,False,0,
ex_1971.json,False,0,
ex_1973.json,False,0,
ex_1976.json,False,0,
ex_1978.json,False,0,
ex_198.json,False,0,
ex_1981.json,False,0,
ex_1986.json,False,0,
ex_1988.json,False,0,
ex_1990.json,False,0,
ex_1991.json,False,0,
ex_20.json,False,2,edit_6=label_mismatch:UNRESOLVED;edit_7=label_mismatch:UNRESOLVED
ex_2003.json,True,2,edit_5=INCONSISTENT;edit_6=INCONSISTENT
ex_2006.json,False,0,
ex_2007.json,False,1,edit_5=label_mismatch:Uncertain
ex_2009.json,False,0,
ex_2019.json,False,0,
ex_2020.json,False,0,
ex_2021.json,False,0,
ex_2029.json,False,0,
ex_2031.json,True,3,edit_3=INCONSISTENT;edit_4=INCONSISTENT;edit_5=label_mismatch:Uncertain
ex_2035.json,False,0,
ex_2041.json,False,0,
ex_2047.json,False,0,
ex_205.json,False,0,
ex_2052.json,False,0,
ex_2058.json,False,0,
ex_2060.json,False,0,
ex_2070.json,True,1,edit_2=INCONSISTENT
ex_2074.json,False,0,
ex_2075.json,False,0,
ex_2076.json,False,0,
ex_208.json,False,0,
ex_2080.json,False,0,
ex_2082.json,True,1,edit_5=INCONSISTENT
ex_2084.json,False,0,
ex_209.json,False,0,
ex_2095.json,True,2,edit_6=INCONSISTENT;edit_7=INCONSISTENT
ex_2097.json,False,0,
ex_2101.json,False,0,
ex_212.json,False,0,
ex_2121.json,False,0,
ex_2122.json,False,0,
ex_2124.json,False,0,
ex_2131.json,True,1,edit_1=INCONSISTENT
ex_2134.json,False,0,
ex_2137.json,False,0,
ex_2140.json,False,0,
ex_2141.json,False,0,
ex_2143.json,False,0,
ex_2146.json,False,0,
ex_2147.json,False,0,
ex_2148.json,False,0,
ex_2149.json,False,0,
ex_2150.json,False,0,
ex_2156.json,True,1,edit_3=INCONSISTENT
ex_2157.json,True,1,edit_1=INCONSISTENT
ex_2165.json,False,0,
ex_2166.json,False,0,
ex_2174.json,False,0,
ex_2178.json,False,0,
ex_2179.json,False,0,
ex_2186.json,False,0,
ex_2191.json,False,0,
ex_2196.json,False,0,
ex_2197.json,True,1,edit_5=INCONSISTENT
ex_2203.json,False,0,
ex_2213.json,False,0,
ex_2216.json,False,0,
ex_2226.json,False,0,
ex_223.json,False,0,
ex_2231.json,False,0,
ex_2232.json,False,0,
ex_2239.json,False,0,
ex_2242.json,False,0,
ex_2245.json,False,0,
ex_2247.json,True,1,edit_4=INCONSISTENT
ex_2250.json,False,0,
ex_2252.json,False,0,
ex_2267.json,False,0,
ex_2268.json,False,0,
ex_2269.json,False,0,
ex_2272.json,False,0,
ex_2273.json,False,0,
ex_2274.json,False,0,
ex_2275.json,True,1,edit_6=INCONSISTENT
ex_2277.json,False,0,
ex_2279.json,False,0,
ex_2283.json,False,0,
ex_2290.json,True,1,edit_2=INCONSISTENT
ex_2291.json,False,0,
ex_2292.json,True,4,edit_4=INCONSISTENT;edit_5=INCONSISTENT;edit_6=INCONSISTENT;edit_7=INCONSISTENT
ex_2300.json,False,0,
ex_2310.json,False,0,
ex_2311.json,False,0,
ex_2314.json,False,0,
ex_2315.json,False,7,edit_1=label_mismatch:UNRESOLVED;edit_2=label_mismatch:UNRESOLVED;edit_3=label_mismatch:UNRESOLVED;edit_4=label_mismatch:UNRESOLVED;edit_5=label_mismatch:UNRESOLVED;edit_6=label_mismatch:UNRESOLVED;edit_7=label_mismatch:UNRESOLVED
ex_2316.json,False,0,
ex_2320.json,False,0,
ex_2330.json,False,0,
ex_2332.json,False,0,
ex_2333.json,False,0,
ex_2338.json,False,0,
ex_234.json,False,0,
ex_2341.json,False,0,
ex_2346.json,False,0,
ex_2347.json,True,4,edit_1=INCONSISTENT;edit_2=INCONSISTENT;edit_3=INCONSISTENT;edit_4=INCONSISTENT
ex_2349.json,False,0,
ex_2350.json,False,0,
ex_2375.json,True,2,edit_3=INCONSISTENT;edit_4=INCONSISTENT
ex_2376.json,False,0,
ex_2377.json,False,0,
ex_2382.json,True,1,edit_4=INCONSISTENT
ex_2386.json,False,0,
ex_2387.json,False,0,
ex_2390.json,False,0,
ex_2398.json,False,0,
ex_2405.json,False,0,
ex_2409.json,False,0,
ex_2412.json,False,0,
ex_2416.json,False,0,
ex_2423.json,False,0,
ex_2424.json,False,0,
ex_2425.json,False,0,
ex_2428.json,False,0,
ex_2431.json,False,0,
ex_2432.json,False,0,
ex_2434.json,False,0,
ex_2437.json,True,1,edit_7=INCONSISTENT
ex_244.json,False,0,
ex_2440.json,False,0,
ex_2443.json,True,2,edit_4=INCONSISTENT;edit_7=INCONSISTENT
ex_2446.json,False,0,
ex_2447.json,True,3,edit_5=INCONSISTENT;edit_6=INCONSISTENT;edit_7=INCONSISTENT
ex_245.json,False,0,
ex_2451.json,False,0,
ex_2454.json,False,0,
ex_2457.json,False,0,
ex_2459.json,True,1,edit_7=INCONSISTENT
ex_2460.json,False,0,
ex_2461.json,True,1,edit_5=INCONSISTENT
ex_2462.json,True,1,edit_1=INCONSISTENT
ex_2465.json,False,0,
ex_2466.json,False,0,
ex_2471.json,False,0,
ex_2477.json,False,0,
ex_2480.json,False,0,
ex_2487.json,False,0,
ex_2489.json,False,0,
ex_2493.json,False,0,
ex_2498.json,False,0,
ex_2506.json,False,0,
ex_251.json,False,0,
ex_2510.json,False,0,
ex_2512.json,False,0,
ex_2514.json,False,0,
ex_2515.json,False,0,
ex_252.json,False,0,
ex_2521.json,True,1,edit_4=INCONSISTENT
ex_2524.json,False,0,
ex_2525.json,False,0,
ex_2531.json,False,0,
ex_2534.json,True,1,edit_7=INCONSISTENT
ex_2535.json,False,0,
ex_2538.json,False,0,
ex_2543.json,False,0,
ex_2547.json,False,0,
ex_2549.json,False,0,
ex_2550.json,False,0,
ex_2556.json,False,0,
ex_2559.json,False,0,
ex_256.json,False,0,
ex_2561.json,True,2,edit_1=INCONSISTENT;edit_7=INCONSISTENT
ex_2564.json,False,0,
ex_2565.json,True,1,edit_3=INCONSISTENT
ex_2566.json,False,0,
ex_2567.json,False,0,
ex_2571.json,False,0,
ex_2572.json,False,0,
ex_2575.json,False,0,
ex_2577.json,False,0,
ex_258.json,False,0,
ex_2589.json,False,0,
ex_2592.json,False,0,
ex_2599.json,False,0,
ex_26.json,False,0,
ex_2602.json,False,0,
ex_2603.json,False,0,
ex_2605.json,True,1,edit_5=INCONSISTENT
ex_2610.json,False,0,
ex_2611.json,False,0,
ex_2612.json,False,0,
ex_2616.json,False,0,
ex_2617.json,False,0,
ex_2618.json,False,0,
ex_2621.json,False,0,
ex_2623.json,False,0,
ex_2627.json,False,0,
ex_2628.json,True,1,edit_7=INCONSISTENT
ex_263.json,False,0,
ex_2633.json,False,0,
ex_2634.json,False,0,
ex_2643.json,False,0,
ex_2651.json,False,0,
ex_2665.json,False,0,
ex_2667.json,False,0,
ex_2668.json,True,1,edit_4=INCONSISTENT
ex_2670.json,False,0,
ex_2672.json,False,0,
ex_2673.json,False,0,
ex_2675.json,False,0,
ex_2676.json,False,0,
ex_2677.json,False,0,
ex_2680.json,False,1,edit_1=label_mismatch:False
ex_2681.json,True,2,edit_5=INCONSISTENT;edit_6=INCONSISTENT
ex_2694.json,False,0,
ex_2695.json,False,0,
ex_2696.json,False,7,edit_1=label_mismatch:UNRESOLVED;edit_2=label_mismatch:UNRESOLVED;edit_3=label_mismatch:UNRESOLVED;edit_4=label_mismatch:UNRESOLVED;edit_5=label_mismatch:UNRESOLVED;edit_6=label_mismatch:UNRESOLVED;edit_7=label_mismatch:UNRESOLVED
ex_270.json,False,0,
ex_2703.json,False,0,
ex_2705.json,True,4,edit_1=INCONSISTENT;edit_3=INCONSISTENT;edit_5=INCONSISTENT;edit_7=INCONSISTENT
ex_2708.json,False,4,edit_1=label_mismatch:True;edit_4=label_mismatch:True;edit_5=label_mismatch:True;edit_6=label_mismatch:True
ex_2709.json,False,0,
ex_271.json,True,1,edit_6=INCONSISTENT
ex_2711.json,False,0,
ex_2712.json,False,0,
ex_2720.json,False,0,
ex_2721.json,False,0,
ex_2722.json,False,0,
ex_2723.json,False,1,edit_3=label_mismatch:UNRESOLVED
ex_2729.json,False,0,
ex_2730.json,False,0,
ex_2737.json,False,0,
ex_2742.json,False,0,
ex_2746.json,False,0,
ex_2747.json,True,1,edit_2=INCONSISTENT
ex_2748.json,False,0,
ex_2749.json,False,0,
ex_2756.json,False,0,
ex_2757.json,False,0,
ex_2758.json,False,1,edit_2=label_mismatch:True
ex_2763.json,False,0,
ex_2768.json,False,0,
ex_277.json,False,0,
ex_2773.json,False,0,
ex_2779.json,False,0,
ex_2783.json,False,0,
ex_2786.json,False,0,
ex_2789.json,True,1,edit_1=INCONSISTENT
ex_2791.json,True,2,edit_5=label_mismatch:UNRESOLVED;edit_6=INCONSISTENT
ex_2793.json,False,0,
ex_2795.json,False,0,
ex_2798.json,False,0,
ex_2802.json,False,0,
ex_2803.json,False,0,
ex_2807.json,False,0,
ex_2814.json,False,0,
ex_2816.json,False,0,
ex_2820.json,False,0,
ex_2823.json,False,0,
ex_2826.json,False,0,
ex_2832.json,False,0,
ex_2834.json,False,0,
ex_2837.json,True,2,edit_4=INCONSISTENT;edit_5=INCONSISTENT
ex_287.json,True,2,edit_4=INCONSISTENT;edit_6=INCONSISTENT
ex_288.json,False,0,
ex_289.json,True,2,edit_2=INCONSISTENT;edit_3=INCONSISTENT
ex_290.json,False,0,
ex_293.json,False,0,
ex_294.json,False,0,
ex_299.json,False,0,
ex_30.json,False,0,
ex_303.json,False,0,
ex_312.json,False,0,
ex_318.json,False,0,
ex_323.json,True,1,edit_6=INCONSISTENT
ex_324.json,False,0,
ex_326.json,True,3,edit_5=INCONSISTENT;edit_6=INCONSISTENT;edit_7=INCONSISTENT
ex_329.json,False,0,
ex_338.json,False,0,
ex_342.json,False,0,
ex_345.json,False,0,
ex_348.json,False,0,
ex_3501.json,False,0,
ex_3506.json,False,0,
ex_3508.json,False,0,
ex_3509.json,False,0,
ex_3514.json,False,0,
ex_3515.json,False,0,
ex_3518.json,False,0,
ex_3519.json,False,0,
ex_3520.json,False,0,
ex_3525.json,False,0,
ex_3526.json,False,0,
ex_3528.json,False,0,
ex_3531.json,False,0,
ex_3535.json,False,0,
ex_3536.json,False,0,
ex_3537.json,True,1,edit_7=INCONSISTENT
ex_354.json,False,0,
ex_3540.json,False,0,
ex_3546.json,False,0,
ex_3549.json,False,0,
ex_3550.json,False,0,
ex_3554.json,False,0,
ex_3556.json,False,0,
ex_3561.json,True,2,edit_1=INCONSISTENT;edit_7=INCONSISTENT
ex_3562.json,False,0,
ex_3563.json,False,1,edit_2=label_mismatch:False
ex_3567.json,False,0,
ex_3568.json,False,0,
ex_3570.json,False,0,
ex_3572.json,False,0,
ex_3573.json,False,0,
ex_3579.json,True,1,edit_7=INCONSISTENT
ex_3584.json,False,0,
ex_3586.json,True,2,edit_5=INCONSISTENT;edit_6=INCONSISTENT
ex_3592.json,False,0,
ex_3593.json,True,2,edit_6=INCONSISTENT;edit_7=INCONSISTENT
ex_3600.json,False,0,
ex_3601.json,True,1,edit_1=INCONSISTENT
ex_361.json,False,0,
ex_3610.json,False,0,
ex_3611.json,False,0,
ex_3616.json,False,0,
ex_3621.json,False,0,
ex_3626.json,False,0,
ex_3627.json,True,2,edit_1=INCONSISTENT;edit_4=INCONSISTENT
ex_3630.json,True,1,edit_5=INCONSISTENT
ex_3631.json,False,0,
ex_3632.json,True,5,edit_2=INCONSISTENT;edit_3=INCONSISTENT;edit_4=INCONSISTENT;edit_5=INCONSISTENT;edit_7=INCONSISTENT
ex_3635.json,False,0,
ex_3639.json,False,0,
ex_3641.json,False,0,
ex_3648.json,False,0,
ex_3649.json,False,0,
ex_3651.json,False,0,
ex_366.json,False,0,
ex_3660.json,True,1,edit_1=INCONSISTENT
ex_3661.json,False,0,
ex_3667.json,True,1,edit_4=INCONSISTENT
ex_3670.json,False,0,
ex_3671.json,False,0,
ex_3675.json,False,0,
ex_3684.json,False,0,
ex_3685.json,False,0,
ex_3700.json,False,2,edit_6=label_mismatch:Uncertain;edit_7=label_mismatch:False
ex_3704.json,True,1,edit_7=INCONSISTENT
ex_3705.json,True,2,edit_2=INCONSISTENT;edit_3=INCONSISTENT
ex_3707.json,False,0,
ex_3712.json,False,0,
ex_3715.json,True,2,edit_6=INCONSISTENT;edit_7=INCONSISTENT
ex_3717.json,True,1,edit_6=INCONSISTENT
ex_3718.json,True,1,edit_1=INCONSISTENT
ex_3722.json,False,0,
ex_3724.json,True,4,edit_2=INCONSISTENT;edit_3=INCONSISTENT;edit_4=INCONSISTENT;edit_5=INCONSISTENT
ex_3738.json,True,1,edit_1=INCONSISTENT
ex_3742.json,True,3,edit_5=INCONSISTENT;edit_6=INCONSISTENT;edit_7=INCONSISTENT
ex_3743.json,False,0,
ex_375.json,False,0,
ex_3752.json,False,0,
ex_376.json,False,0,
ex_3762.json,False,0,
ex_3763.json,False,0,
ex_3766.json,False,2,edit_4=label_mismatch:Uncertain;edit_5=label_mismatch:Uncertain
ex_3773.json,False,0,
ex_3779.json,False,0,
ex_378.json,False,0,
ex_3780.json,False,0,
ex_3781.json,False,0,
ex_3782.json,False,0,
ex_3784.json,False,0,
ex_3785.json,False,0,
ex_3787.json,False,0,
ex_3788.json,False,0,
ex_379.json,False,0,
ex_3792.json,False,0,
ex_3800.json,False,0,
ex_3805.json,False,0,
ex_3806.json,False,0,
ex_3808.json,False,0,
ex_3812.json,False,4,edit_2=label_mismatch:True;edit_3=label_mismatch:True;edit_4=label_mismatch:True;edit_5=label_mismatch:UNRESOLVED
ex_3815.json,True,1,edit_5=INCONSISTENT
ex_3816.json,True,1,edit_2=INCONSISTENT
ex_3818.json,False,0,
ex_3824.json,False,0,
ex_3825.json,False,0,
ex_3826.json,False,2,edit_1=label_mismatch:True;edit_2=label_mismatch:True
ex_3827.json,False,0,
ex_383.json,False,0,
ex_3831.json,False,0,
ex_3837.json,False,0,
ex_3842.json,False,0,
ex_385.json,False,0,
ex_3852.json,False,0,
ex_3854.json,False,0,
ex_3858.json,True,3,edit_5=INCONSISTENT;edit_6=INCONSISTENT;edit_7=INCONSISTENT
ex_3860.json,True,1,edit_7=INCONSISTENT
ex_3862.json,True,2,edit_1=INCONSISTENT;edit_7=INCONSISTENT
ex_3863.json,False,0,
ex_3866.json,False,0,
ex_3871.json,False,0,
ex_3880.json,False,0,
ex_3884.json,False,0,
ex_3885.json,False,0,
ex_3888.json,False,0,
ex_3889.json,False,0,
ex_3890.json,True,1,edit_1=INCONSISTENT
ex_3896.json,False,0,
ex_3897.json,False,0,
ex_39.json,True,1,edit_6=INCONSISTENT
ex_3903.json,True,1,edit_3=INCONSISTENT
ex_3914.json,False,0,
ex_3915.json,False,0,
ex_3917.json,False,0,
ex_3919.json,False,0,
ex_3924.json,False,0,
ex_3927.json,False,0,
ex_3928.json,False,0,
ex_3935.json,False,0,
ex_3938.json,False,0,
ex_3940.json,False,0,
ex_3941.json,True,1,edit_6=INCONSISTENT
ex_3942.json,True,3,edit_2=INCONSISTENT;edit_3=INCONSISTENT;edit_7=INCONSISTENT
ex_3944.json,False,0,
ex_3945.json,True,2,edit_4=INCONSISTENT;edit_7=INCONSISTENT
ex_3946.json,False,0,
ex_3949.json,True,4,edit_4=INCONSISTENT;edit_5=INCONSISTENT;edit_6=INCONSISTENT;edit_7=INCONSISTENT
ex_395.json,False,2,edit_1=label_mismatch:UNRESOLVED;edit_4=label_mismatch:UNRESOLVED
ex_3951.json,False,0,
ex_3952.json,False,0,
ex_396.json,True,1,edit_2=INCONSISTENT
ex_3960.json,False,0,
ex_3963.json,False,0,
ex_3964.json,False,0,
ex_3966.json,True,2,edit_3=INCONSISTENT;edit_7=INCONSISTENT
ex_3967.json,False,0,
ex_3978.json,False,0,
ex_3979.json,False,0,
ex_3983.json,False,0,
ex_3987.json,False,0,
ex_3989.json,False,0,
ex_399.json,False,0,
ex_3991.json,False,0,
ex_3994.json,False,0,
ex_3995.json,False,0,
ex_3997.json,False,0,
ex_402.json,False,0,
ex_405.json,False,0,
ex_409.json,False,0,
ex_41.json,False,0,
ex_411.json,False,0,
ex_424.json,False,0,
ex_426.json,False,0,
ex_428.json,False,0,
ex_432.json,False,0,
ex_436.json,False,0,
ex_441.json,True,1,edit_1=INCONSISTENT
ex_443.json,True,1,edit_1=INCONSISTENT
ex_455.json,True,3,edit_4=INCONSISTENT;edit_5=INCONSISTENT;edit_7=INCONSISTENT
ex_457.json,False,0,
ex_46.json,False,0,
ex_469.json,False,0,
ex_474.json,False,0,
ex_476.json,False,0,
ex_477.json,False,0,
ex_479.json,False,0,
ex_505.json,False,0,
ex_506.json,False,0,
ex_508.json,False,0,
ex_51.json,False,0,
ex_510.json,False,0,
ex_512.json,False,0,
ex_519.json,False,0,
ex_524.json,False,0,
ex_525.json,False,0,
ex_526.json,False,0,
ex_528.json,False,0,
ex_53.json,False,0,
ex_530.json,False,0,
ex_536.json,False,0,
ex_537.json,False,0,
ex_548.json,False,0,
ex_550.json,False,0,
ex_551.json,True,1,edit_4=INCONSISTENT
ex_552.json,False,0,
ex_553.json,False,0,
ex_554.json,True,1,edit_5=INCONSISTENT
ex_556.json,False,0,
ex_559.json,False,0,
ex_560.json,False,0,
ex_561.json,False,0,
ex_563.json,False,0,
ex_571.json,False,0,
ex_576.json,True,3,edit_2=INCONSISTENT;edit_3=INCONSISTENT;edit_4=INCONSISTENT
ex_578.json,False,0,
ex_58.json,False,0,
ex_59.json,False,0,
ex_594.json,False,0,
ex_596.json,False,0,
ex_604.json,False,0,
ex_606.json,True,2,edit_6=INCONSISTENT;edit_7=INCONSISTENT
ex_609.json,False,0,
ex_615.json,False,0,
ex_617.json,False,0,
ex_618.json,False,0,
ex_619.json,False,0,
ex_622.json,False,0,
ex_625.json,False,0,
ex_626.json,False,0,
ex_629.json,False,1,initial=label_mismatch:Uncertain
ex_630.json,False,1,edit_6=label_mismatch:Uncertain
ex_637.json,False,0,
ex_639.json,False,0,
ex_642.json,False,0,
ex_644.json,False,0,
ex_65.json,False,0,
ex_651.json,False,0,
ex_652.json,False,0,
ex_653.json,False,0,
ex_655.json,False,1,edit_3=label_mismatch:True
ex_662.json,False,0,
ex_664.json,False,0,
ex_666.json,False,0,
ex_668.json,False,0,
ex_67.json,False,0,
ex_671.json,False,0,
ex_675.json,False,0,
ex_676.json,False,0,
ex_679.json,False,0,
ex_681.json,True,1,edit_4=INCONSISTENT
ex_683.json,False,0,
ex_685.json,False,0,
ex_691.json,False,0,
ex_697.json,False,0,
ex_699.json,False,0,
ex_702.json,False,0,
ex_712.json,False,0,
ex_715.json,True,3,edit_4=INCONSISTENT;edit_5=INCONSISTENT;edit_6=INCONSISTENT
ex_721.json,False,0,
ex_739.json,False,0,
ex_740.json,True,1,edit_2=INCONSISTENT
ex_742.json,False,0,
ex_743.json,True,2,edit_5=INCONSISTENT;edit_6=INCONSISTENT
ex_748.json,False,0,
ex_749.json,False,0,
ex_752.json,False,4,edit_2=label_mismatch:True;edit_5=label_mismatch:True;edit_6=label_mismatch:True;edit_7=label_mismatch:True
ex_757.json,False,2,edit_2=label_mismatch:UNRESOLVED;edit_3=label_mismatch:UNRESOLVED
ex_760.json,False,0,
ex_771.json,True,1,edit_5=INCONSISTENT
ex_772.json,True,3,edit_2=INCONSISTENT;edit_3=INCONSISTENT;edit_4=INCONSISTENT
ex_773.json,False,0,
ex_778.json,False,0,
ex_782.json,False,0,
ex_783.json,False,0,
ex_789.json,False,0,
ex_79.json,False,0,
ex_797.json,False,0,
ex_801.json,False,0,
ex_802.json,False,1,edit_5=label_mismatch:Uncertain
ex_811.json,False,0,
ex_813.json,False,4,edit_2=label_mismatch:True;edit_4=label_mismatch:True;edit_5=label_mismatch:True;edit_6=label_mismatch:True
ex_815.json,False,0,
ex_818.json,False,0,
ex_820.json,True,1,edit_7=INCONSISTENT
ex_823.json,False,0,
ex_837.json,False,0,
ex_847.json,False,0,
ex_848.json,False,0,
ex_852.json,False,0,
ex_860.json,False,0,
ex_862.json,False,0,
ex_863.json,False,0,
ex_877.json,False,0,
ex_886.json,False,0,
ex_900.json,False,0,
ex_904.json,False,0,
ex_907.json,False,0,
ex_909.json,False,0,
ex_915.json,False,0,
ex_916.json,True,1,edit_1=INCONSISTENT
ex_924.json,True,3,edit_2=INCONSISTENT;edit_3=INCONSISTENT;edit_7=INCONSISTENT
ex_927.json,False,0,
ex_929.json,False,0,
ex_93.json,False,0,
ex_932.json,False,0,
ex_935.json,False,0,
ex_940.json,False,0,
ex_941.json,False,0,
ex_946.json,True,1,edit_3=INCONSISTENT
ex_95.json,True,1,edit_4=INCONSISTENT
ex_950.json,False,0,
ex_955.json,True,1,edit_4=INCONSISTENT
ex_956.json,False,0,
ex_957.json,False,0,
ex_959.json,False,0,
ex_977.json,True,1,edit_7=INCONSISTENT
ex_982.json,True,1,edit_4=INCONSISTENT
ex_987.json,False,0,
ex_995.json,False,0,
ex_997.json,False,0,
prev_ex_10.json,False,0,
prev_ex_102.json,False,0,
prev_ex_103.json,False,0,
prev_ex_105.json,False,1,edit_2=label_mismatch:Uncertain
prev_ex_114.json,True,1,edit_6=INCONSISTENT
prev_ex_123.json,False,0,
prev_ex_124.json,True,1,edit_5=INCONSISTENT
prev_ex_133.json,False,0,
prev_ex_152.json,True,1,edit_4=INCONSISTENT
prev_ex_160.json,True,1,edit_7=INCONSISTENT
prev_ex_174.json,False,0,
prev_ex_18.json,True,1,edit_5=INCONSISTENT
prev_ex_180.json,False,0,
prev_ex_181.json,False,0,
prev_ex_2.json,False,0,
prev_ex_20.json,True,1,edit_7=INCONSISTENT
prev_ex_206.json,False,0,
prev_ex_211.json,True,1,edit_3=INCONSISTENT
prev_ex_232.json,True,1,edit_1=INCONSISTENT
prev_ex_236.json,True,1,edit_3=INCONSISTENT
prev_ex_241.json,False,0,
prev_ex_260.json,True,2,edit_3=INCONSISTENT;edit_4=INCONSISTENT
prev_ex_273.json,False,0,
prev_ex_284.json,False,0,
prev_ex_294.json,False,0,
prev_ex_302.json,True,1,edit_3=INCONSISTENT
prev_ex_308.json,True,3,edit_2=INCONSISTENT;edit_3=INCONSISTENT;edit_4=INCONSISTENT
prev_ex_31.json,True,1,edit_3=INCONSISTENT
prev_ex_314.json,False,0,
prev_ex_315.json,False,0,
prev_ex_316.json,False,0,
prev_ex_320.json,False,0,
prev_ex_323.json,True,3,edit_1=INCONSISTENT;edit_2=INCONSISTENT;edit_6=label_mismatch:Uncertain
prev_ex_325.json,False,0,
prev_ex_328.json,False,0,
prev_ex_329.json,False,0,
prev_ex_352.json,False,1,edit_1=label_mismatch:Uncertain
prev_ex_353.json,False,0,
prev_ex_354.json,True,1,edit_7=INCONSISTENT
prev_ex_362.json,False,1,edit_5=label_mismatch:Uncertain
prev_ex_363.json,False,0,
prev_ex_365.json,False,0,
prev_ex_368.json,False,0,
prev_ex_372.json,True,1,edit_2=INCONSISTENT
prev_ex_378.json,False,0,
prev_ex_387.json,True,1,edit_4=INCONSISTENT
prev_ex_396.json,False,0,
prev_ex_397.json,True,1,edit_3=INCONSISTENT
prev_ex_406.json,False,0,
prev_ex_41.json,True,1,edit_6=INCONSISTENT
prev_ex_420.json,True,1,edit_5=INCONSISTENT
prev_ex_427.json,False,0,
prev_ex_431.json,False,0,
prev_ex_436.json,False,0,
prev_ex_447.json,False,0,
prev_ex_450.json,True,4,edit_4=INCONSISTENT;edit_5=INCONSISTENT;edit_6=INCONSISTENT;edit_7=INCONSISTENT
prev_ex_451.json,True,2,edit_3=INCONSISTENT;edit_7=INCONSISTENT
prev_ex_457.json,True,1,edit_4=INCONSISTENT
prev_ex_463.json,True,1,edit_1=INCONSISTENT
prev_ex_466.json,True,1,edit_1=INCONSISTENT
prev_ex_467.json,True,1,edit_2=INCONSISTENT
prev_ex_475.json,False,0,
prev_ex_480.json,False,0,
prev_ex_484.json,False,0,
prev_ex_494.json,False,0,
prev_ex_498.json,False,0,
prev_ex_50.json,False,0,
prev_ex_57.json,False,0,
prev_ex_59.json,False,0,
prev_ex_76.json,False,0,
prev_ex_77.json,True,1,edit_1=INCONSISTENT
prev_ex_82.json,False,0,
prev_ex_84.json,False,0,
prev_ex_85.json,True,2,edit_5=INCONSISTENT;edit_7=INCONSISTENT
prev_ex_88.json,False,0,
prev_ex_9.json,False,0,
prev_ex_99.json,True,1,edit_4=INCONSISTENT
